model                                                                                                           , status, avg_ms, min_ms, max_ms, log
"/root/hailong.he/ort/Legacy/Classification/EfficientNet/efficientnet_b0_fp32.onnx"                             , PASS  ,   2.77,   2.74,   2.81, "/root/hailong.he/ort/benchmark_Legacy_Classification_EfficientNet_efficientnet_b0_fp32.log"
"/root/hailong.he/ort/Legacy/Classification/EfficientNet/efficientnet_b0_quant.onnx"                            , PASS  ,  48.74,  48.41,  49.18, "/root/hailong.he/ort/benchmark_Legacy_Classification_EfficientNet_efficientnet_b0_quant.log"
"/root/hailong.he/ort/Legacy/Classification/MobileNetV2/mobilenet_v2_fp32.onnx"                                 , PASS  ,   1.54,   1.50,   1.62, "/root/hailong.he/ort/benchmark_Legacy_Classification_MobileNetV2_mobilenet_v2_fp32.log"
"/root/hailong.he/ort/Legacy/Classification/MobileNetV2/mobilenet_v2_quant.onnx"                                , PASS  ,   2.46,   1.22,   7.33, "/root/hailong.he/ort/benchmark_Legacy_Classification_MobileNetV2_mobilenet_v2_quant.log"
"/root/hailong.he/ort/Legacy/Classification/MobileNetV3/mobilenet_v3_small_fp32.onnx"                           , PASS  ,  22.15,  19.41,  25.04, "/root/hailong.he/ort/benchmark_Legacy_Classification_MobileNetV3_mobilenet_v3_small_fp32.log"
"/root/hailong.he/ort/Legacy/Classification/MobileNetV3/mobilenet_v3_small_quant.onnx"                          , FAIL  ,       ,       ,       , "/root/hailong.he/ort/benchmark_Legacy_Classification_MobileNetV3_mobilenet_v3_small_quant.log"
"/root/hailong.he/ort/Legacy/Classification/ResNet/resnet18_fp32.onnx"                                          , PASS  ,   3.49,   3.47,   3.57, "/root/hailong.he/ort/benchmark_Legacy_Classification_ResNet_resnet18_fp32.log"
"/root/hailong.he/ort/Legacy/Classification/ResNet/resnet18_quant.onnx"                                         , PASS  ,   1.82,   1.78,   1.93, "/root/hailong.he/ort/benchmark_Legacy_Classification_ResNet_resnet18_quant.log"
"/root/hailong.he/ort/Legacy/Classification/SqueezeNet/squeezenet_fp32.onnx"                                    , PASS  ,  14.51,  11.56,  19.34, "/root/hailong.he/ort/benchmark_Legacy_Classification_SqueezeNet_squeezenet_fp32.log"
"/root/hailong.he/ort/Legacy/Classification/SqueezeNet/squeezenet_quant.onnx"                                   , PASS  ,  13.42,  11.18,  23.11, "/root/hailong.he/ort/benchmark_Legacy_Classification_SqueezeNet_squeezenet_quant.log"
"/root/hailong.he/ort/Legacy/Classification/VGG/vgg16_fp32.onnx"                                                , PASS  ,  32.78,  32.53,  33.01, "/root/hailong.he/ort/benchmark_Legacy_Classification_VGG_vgg16_fp32.log"
"/root/hailong.he/ort/Legacy/Classification/VGG/vgg16_quant.onnx"                                               , PASS  ,  11.94,  11.80,  12.03, "/root/hailong.he/ort/benchmark_Legacy_Classification_VGG_vgg16_quant.log"
"/root/hailong.he/ort/Legacy/DiffusionPolicy/model_diffusion_sampling/model_diffusion_sampling.onnx"            , PASS  , 103.96, 103.08, 105.50, "/root/hailong.he/ort/benchmark_Legacy_DiffusionPolicy_model_diffusion_sampling_model_diffusion_sampling.log"
"/root/hailong.he/ort/Legacy/MobileSam/mobilesam_encoder/transformed_mobilesam_encoder_tiny.onnx"               , FAIL  ,       ,       ,       , "/root/hailong.he/ort/benchmark_Legacy_MobileSam_mobilesam_encoder_transformed_mobilesam_encoder_tiny.log"
"/root/hailong.he/ort/Legacy/Omni6DPose/scale_policy/ScalePolicy.onnx"                                          , FAIL  ,       ,       ,       , "/root/hailong.he/ort/benchmark_Legacy_Omni6DPose_scale_policy_ScalePolicy.log"
"/root/hailong.he/ort/Legacy/Recognition/VGGFace/vggface_fp32.onnx"                                             , PASS  ,  33.40,  33.21,  33.53, "/root/hailong.he/ort/benchmark_Legacy_Recognition_VGGFace_vggface_fp32.log"
"/root/hailong.he/ort/Legacy/Recognition/VGGFace/vggface_quant.onnx"                                            , PASS  , 137.17, 121.55, 158.89, "/root/hailong.he/ort/benchmark_Legacy_Recognition_VGGFace_vggface_quant.log"
"/root/hailong.he/ort/Legacy/RegionNormalizedGrasp/anchornet/anchornet.onnx"                                    , PASS  ,  19.34,  15.90,  21.33, "/root/hailong.he/ort/benchmark_Legacy_RegionNormalizedGrasp_anchornet_anchornet.log"
"/root/hailong.he/ort/Legacy/RegionNormalizedGrasp/localnet/localnet.onnx"                                      , PASS  ,  23.20,  20.35,  27.53, "/root/hailong.he/ort/benchmark_Legacy_RegionNormalizedGrasp_localnet_localnet.log"
"/root/hailong.he/ort/Legacy/YoloWorld/yoloworld_xl/yoloworld_xl.onnx"                                          , PASS  , 440.64, 432.40, 454.43, "/root/hailong.he/ort/benchmark_Legacy_YoloWorld_yoloworld_xl_yoloworld_xl.log"
"/root/hailong.he/ort/TAO/Classification/PoseClassification/st-gcn_3dbp_nvidia.onnx"                            , PASS  , 285.24, 277.56, 291.96, "/root/hailong.he/ort/benchmark_TAO_Classification_PoseClassification_st-gcn_3dbp_nvidia.log"
"/root/hailong.he/ort/TAO/OCR/Ocrnet_resnet/model_ocdnet_640x640.onnx"                                          , PASS  ,  69.18,  68.90,  69.46, "/root/hailong.he/ort/benchmark_TAO_OCR_Ocrnet_resnet_model_ocdnet_640x640.log"
"/root/hailong.he/ort/TAO/OCR/Ocrnet_resnet/model_ocdnet_736x1280.onnx"                                         , PASS  , 151.41, 150.96, 151.80, "/root/hailong.he/ort/benchmark_TAO_OCR_Ocrnet_resnet_model_ocdnet_736x1280.log"
"/root/hailong.he/ort/TAO/OCR/Ocrnet_resnet/ocrnet_resnet50.onnx"                                               , PASS  ,  23.42,  21.08,  27.43, "/root/hailong.he/ort/benchmark_TAO_OCR_Ocrnet_resnet_ocrnet_resnet50.log"
"/root/hailong.he/ort/TAO/OCR/Ocrnet_resnet/ocrnet_resnet50_pruned.onnx"                                        , PASS  ,  18.69,  17.43,  23.39, "/root/hailong.he/ort/benchmark_TAO_OCR_Ocrnet_resnet_ocrnet_resnet50_pruned.log"
"/root/hailong.he/ort/TAO/OCR/ocdnet_mixnet/ocdnet_mixnet_640x640.onnx"                                         , PASS  , 341.46, 340.93, 342.58, "/root/hailong.he/ort/benchmark_TAO_OCR_ocdnet_mixnet_ocdnet_mixnet_640x640.log"
"/root/hailong.he/ort/TAO/ObjectDetection/LPDNet/LPDNet_CCPD_pruned_tao5.onnx"                                  , PASS  ,   7.06,   7.00,   7.14, "/root/hailong.he/ort/benchmark_TAO_ObjectDetection_LPDNet_LPDNet_CCPD_pruned_tao5.log"
"/root/hailong.he/ort/TAO/ObjectDetection/LPDNet/LPDNet_usa_pruned_tao5.onnx"                                   , PASS  ,   3.44,   3.39,   3.53, "/root/hailong.he/ort/benchmark_TAO_ObjectDetection_LPDNet_LPDNet_usa_pruned_tao5.log"
"/root/hailong.he/ort/TAO/ObjectDetection/PeopleNet/resnet34_peoplenet.onnx"                                    , PASS  ,  78.07,  77.67,  78.36, "/root/hailong.he/ort/benchmark_TAO_ObjectDetection_PeopleNet_resnet34_peoplenet.log"
"/root/hailong.he/ort/TAO/ObjectDetection/PeopleNet/resnet34_peoplenet_int8.onnx"                               , PASS  ,  19.79,  19.67,  19.94, "/root/hailong.he/ort/benchmark_TAO_ObjectDetection_PeopleNet_resnet34_peoplenet_int8.log"
"/root/hailong.he/ort/TAO/PoseEstimation/BodyPoseNet/bodypose.onnx"                                             , PASS  ,  41.31,  40.86,  41.54, "/root/hailong.he/ort/benchmark_TAO_PoseEstimation_BodyPoseNet_bodypose.log"
"/root/hailong.he/ort/TAO/PoseEstimation/Centerpose/camera_FAN_small.onnx"                                      , FAIL  ,       ,       ,       , "/root/hailong.he/ort/benchmark_TAO_PoseEstimation_Centerpose_camera_FAN_small.log"
"/root/hailong.he/ort/TAO/PoseEstimation/Centerpose/chair_DLA34.onnx"                                           , FAIL  ,       ,       ,       , "/root/hailong.he/ort/benchmark_TAO_PoseEstimation_Centerpose_chair_DLA34.log"
"/root/hailong.he/ort/TAO/PoseEstimation/FoundationPose/refiner_net.onnx"                                       , PASS  ,  60.59,  56.06,  66.98, "/root/hailong.he/ort/benchmark_TAO_PoseEstimation_FoundationPose_refiner_net.log"
"/root/hailong.he/ort/TAO/PoseEstimation/FoundationPose/score_net.onnx"                                         , PASS  ,  33.78,  29.25,  38.94, "/root/hailong.he/ort/benchmark_TAO_PoseEstimation_FoundationPose_score_net.log"
"/root/hailong.he/ort/TAO/PoseEstimation/Multi3DCenterpose/Multiclass_CenterPose_DLA34.onnx"                    , FAIL  ,       ,       ,       , "/root/hailong.he/ort/benchmark_TAO_PoseEstimation_Multi3DCenterpose_Multiclass_CenterPose_DLA34.log"
"/root/hailong.he/ort/TAO/Re-Identification/ReIdentificationNet/resnet50_market1501_aicity156.onnx"             , PASS  ,   7.01,   6.94,   7.09, "/root/hailong.he/ort/benchmark_TAO_Re-Identification_ReIdentificationNet_resnet50_market1501_aicity156.log"
"/root/hailong.he/ort/TAO/Recognition/ActionRecognitionNet/resnet18_2d_rgb_hmdb5_32.onnx"                       , PASS  ,  14.92,  14.82,  15.02, "/root/hailong.he/ort/benchmark_TAO_Recognition_ActionRecognitionNet_resnet18_2d_rgb_hmdb5_32.log"
"/root/hailong.he/ort/TAO/Segmentation/PeopleSemSegNet/peoplesemsegnet_amr_rel.onnx"                            , PASS  ,  13.93,  11.26,  16.57, "/root/hailong.he/ort/benchmark_TAO_Segmentation_PeopleSemSegNet_peoplesemsegnet_amr_rel.log"
"/root/hailong.he/ort/TAO/Segmentation/PeopleSemSegNet/peoplesemsegnet_shuffleseg.onnx"                         , PASS  ,  13.60,  11.24,  16.69, "/root/hailong.he/ort/benchmark_TAO_Segmentation_PeopleSemSegNet_peoplesemsegnet_shuffleseg.log"
"/root/hailong.he/ort/TAO/Segmentation/PeopleSemSegNet/peoplesemsegnet_vanilla_unet_dynamic_etlt_int8_fp16.onnx", PASS  , 164.22, 162.14, 166.83, "/root/hailong.he/ort/benchmark_TAO_Segmentation_PeopleSemSegNet_peoplesemsegnet_vanilla_unet_dynamic_etlt_int8_fp16.log"
