model,path,status,latency_ms,fps
"mobilenet_v3_biv_quant_mdla5.3.dla","./models/mobilenet_v3_biv_quant_mdla5.3.dla","OK","0.520052","1913"
"squeezenet_biv_float_mdla5.3.dla","./models/squeezenet_biv_float_mdla5.3.dla","OK","2.04785","486.2"
"vgg_biv_float_mdla5.3.dla","./models/vgg_biv_float_mdla5.3.dla","OK","32.8364","30.45"
"squeezenet_biv_quant_mdla5.3.dla","./models/squeezenet_biv_quant_mdla5.3.dla","OK","0.892742","1115"
"vggface_biv_float_mdla5.3.dla","./models/vggface_biv_float_mdla5.3.dla","OK","33.5031","29.84"
"efficientnet_biv_float_mdla5.3.dla","./models/efficientnet_biv_float_mdla5.3.dla","OK","2.86784","348"
"mobilenet_v2_biv_float_mdla5.3.dla","./models/mobilenet_v2_biv_float_mdla5.3.dla","OK","1.46052","682.1"
"densenet121_biv_quant_mdla5.3.dla","./models/densenet121_biv_quant_mdla5.3.dla","OK","3.60146","277.4"
"mobilenet_v3_biv_float_mdla5.3.dla","./models/mobilenet_v3_biv_float_mdla5.3.dla","OK","0.966989","1028"
"vgg_biv_quant_mdla5.3.dla","./models/vgg_biv_quant_mdla5.3.dla","OK","10.8752","91.92"
"efficientnet_biv_quant_mdla5.3.dla","./models/efficientnet_biv_quant_mdla5.3.dla","OK","1.3375","746.1"
"resnet_biv_quant_mdla5.3.dla","./models/resnet_biv_quant_mdla5.3.dla","OK","1.27595","780.5"
"vggface_biv_quant_mdla5.3.dla","./models/vggface_biv_quant_mdla5.3.dla","OK","11.192","89.32"
"densenet121_biv_float_mdla5.3.dla","./models/densenet121_biv_float_mdla5.3.dla","OK","7.45513","134"
"resnet_biv_float_mdla5.3.dla","./models/resnet_biv_float_mdla5.3.dla","OK","3.59669","277.5"
"mobilenet_v2_biv_quant_mdla5.3.dla","./models/mobilenet_v2_biv_quant_mdla5.3.dla","OK","0.746428","1334"
